1ag3.andegomez;pvlbtnse;Ander;Gomez;;1ag3.andegomez@tolosaldealh.eus;;;0
1ag3.jokipeti;pvlbtnse;Jokin;Petisko;;1ag3.jokipeti@tolosaldealh.eus;;;0
1ag3.andofern;pvlbtnse;Andoni;Fernandez;;1ag3.andofern@tolosaldealh.eus;;;0
1ag3.xubagarc;pvlbtnse;Xuban;Garcia;;1ag3.xubagarc@tolosaldealh.eus;;;0
